{"accuracy": 89.25999999999999, "name": "cudatest", "batch-latency": 0.8625315, "single-latency": 3.3064529}